"","name..1...2.","max.sylen..rm.na...TRUE.","min.sylen..rm.na...TRUE.","mean.sylen..rm.na...TRUE.","sd.sylen.","rate","mean.anasyl.dom..rm.na...TRUE.","max.anasyl.dom..rm.na...TRUE.","min.anasyl.dom..rm.na...TRUE.","sd.anasyl.dom.","mean.anasyl.harmonics..rm.na...TRUE.","max.anasyl.harmonics..rm.na...TRUE.","min.anasyl.harmonics..rm.na...TRUE.","sd.anasyl.harmonics.","mean.anasyl.HNR..rm.na...TRUE.","max.anasyl.HNR..rm.na...TRUE.","min.anasyl.HNR..rm.na...TRUE.","sd.anasyl.HNR.","mean.anasyl.f1_freq..rm.na...TRUE.","max.anasyl.f1_freq..rm.na...TRUE.","min.anasyl.f1_freq..rm.na...TRUE.","sd.anasyl.f1_freq.","mean.anasyl.f2_freq..rm.na...TRUE.","max.anasyl.f2_freq..rm.na...TRUE.","min.anasyl.f2_freq..rm.na...TRUE.","sd.anasyl.f2_freq.","mean.anasyl.f3_freq..rm.na...TRUE.","max.anasyl.f3_freq..rm.na...TRUE.","min.anasyl.f3_freq..rm.na...TRUE.","sd.anasyl.f3_freq.","mean.anasyl.entropy..rm.na...TRUE.","max.anasyl.entropy..rm.na...TRUE.","min.anasyl.entropy..rm.na...TRUE.","sd.anasyl.entropy.","mean.anasyl.specSlope..rm.na...TRUE.","max.anasyl.specSlope..rm.na...TRUE.","min.anasyl.specSlope..rm.na...TRUE.","sd.anasyl.specSlope."
"1","_Coq_bankiva_",1824,1,690.666666666667,982.155452733086,0.00925925925925928,752.897960944465,1305.54211843203,1,150.573256934561,10.4019887979568,20.7351816999124,1,4.80713120266432,13.8840878300535,26.4229454139429,-3.68592303055304,8.81528832657282,961.052528735632,1341.41,1,227.72501164434,1735.77310344828,3038.35,1,316.598292850112,2550.03747126437,11967.07,1,1176.10997151846,0.141916682738135,1,0.0370238229850824,0.0881187468429237,-0.00153183200331441,1,-0.00300191371841994,0.000547702721943169
"2","Cygne tubercule",424,1,397.333333333333,28.0950766742739,0.00029585798816568,1494.35346063882,1646.49148563177,1,117.653082478753,-2.57722217099868,9.45159411723383,-8.48972729071996,5.63491427950802,11.0652638743807,13.2830338428482,1,1.9388917921055,1401.388,1571.73,1,105.487760982698,1605.00866666667,1671.83,1,49.6355670097658,3032.994,3296.44,1,428.066704745217,0.135844330047832,1,0.102166702475985,0.0231973496533247,-0.00155262586783362,1,-0.00210986836826022,0.000346176192369042
"3"," Oie rieuse ",440.000000000015,1,137.882352941177,88.0657565833962,0.00288175508180466,1081.84660038669,2365.98415346122,1,197.997951960633,10.2705076546248,29.5887595243887,-8.91750056975578,9.36682181155872,12.6700092344107,27.1469740649314,-3.99027986282759,8.57329446410252,1139.01801136364,1516.96,1,148.086087178108,1991.99909090909,2593.54,1,405.15353891649,2975.99395454545,4967.01,1,647.805440302034,0.257214511365243,1,0.0776408652507878,0.112424893762151,-0.000516914283436887,1,-0.00209891213237488,0.000249689176901993
"4"," Vautour moine ",863.999999999998,1,206.857142857143,275.397016112223,0.00160414610069102,2189.48200881687,3266.35946622185,1,466.135983417794,13.0217728641619,20.0148551621882,1,3.80225868169435,9.4543231143063,20.7039682947765,1,4.24105130442385,2191.39642857143,2949.47,1,444.243500547359,2792.61071428571,3254.17,1,309.942121481868,3731.75357142857,5899.9,1,923.262062918609,0.35445962804372,1,0.235835929946729,0.0819723740457538,-0.000147813096289156,1,-0.000579654664998235,0.000260314511169007
"5"," Gypaète barbu ",1280,1,315.636363636364,434.811056144453,0.00153186274509804,2996.24687239366,3286.36780650542,1,182.127716147529,4.61653682817845,12.6646790639361,-6.57131690878361,9.16716048745436,16.5864022363897,24.7134246058715,1,6.69251565068326,2535.31,3258.32,1,876.081640553143,3040.065,3581.94,1,348.304292783521,4376.215,6427.14,1,1468.87734745184,0.274011386868604,1,0.247317127467856,0.0257348995513037,-0.000514521116372432,1,-0.000743084525341697,0.000180752821282744
"6"," Red tailed Ant Thrush ",1032,1,470.933333333334,406.550553290673,0.000820440693858416,2768.44978971838,3386.40950792327,1,422.051872815065,-4.06564191769675,19.1766085373719,-9.546364740742,5.02887766542138,21.2223014376551,30.2199873164629,-3.77095348865432,5.55224960536783,1279.91212765957,3280.35,1,230.527501666316,2321.04425531915,6161.27,1,543.874944926283,3190.95157446809,7763.27,1,824.557976427519,0.234014146302408,1,0.0991256965760491,0.092520144068485,-0.000258204799780553,1,-0.000573353112855913,0.000153578476067407
"7"," Ibis falcinelle ",392,1,280,92.1448135635787,0.00197889182058048,539.984908058302,565.23352793995,1,38.1759771790256,15.4986343897538,18.1542947503437,1,2.17219878166729,6.39869276512916,14.7623309238915,-2.75982675333756,6.79653898815371,1067.43,1885.32,1,243.247359985674,1947.32047619048,2726.13,1,369.258608924371,3264.27857142857,9191.71,1,1620.1339196353,0.233134263617912,1,0.165701407616615,0.0536434801405047,-0.0018670097695735,1,-0.00362003538629642,0.00052484265171462
"8"," Cockatiel ",272,1,251.428571428571,16.5062758627482,0.0005495713343592,2571.88502596604,3328.01702502757,1,556.601041300933,2.17157082299625,21.1047963895576,-12.8805141317066,9.85672033266825,14.0139580660707,45.070629384798,-1.01262775782521,8.96707918268307,2358.08845070423,3243.22,1,451.212454826452,2719.44469483568,3331.34,1,408.324797101345,3541.7276056338,9666.96,1,724.136687124089,0.168551204245858,1,0.0377252245822489,0.107799404372023,-0.000125881520340984,1,-0.000714590815925633,0.000239754763497263
"9"," Grue moine ",856,1,427.333333333333,234.676218514429,0.000765441959531416,1138.75301728513,1405.58381984987,1,138.776235575735,9.01485335903044,28.5419825961901,-6.28060284813491,9.78913207081808,11.4399960539159,28.8866929834686,-0.205981494552271,7.29000073658648,1148.48899470899,1452.21,1,120.053303409211,1790.57185185185,3318.81,1,527.51302635406,2910.85624338624,10453.5,1,686.205063951547,0.312999947522627,1,0.079495789161585,0.118252558399007,-0.000573352944789175,1,-0.00278517102940181,0.00045298797621498
"10"," Cigogne blanche ",840,1,311,277.834483101,0.00243055555555556,2166.5843932823,2646.65206508135,1,405.507266183029,-1.63378653958019,34.114851247996,-15.4956336448682,13.2475953792982,22.336671002784,31.9082325659437,1,8.23244289908427,1483.29058139535,2305.74,1,266.998462671735,2157.88255813953,2629.18,1,369.95524286431,2611.78825581395,3727.75,1,410.24966273834,0.0854236010028119,1,0.0335106470832966,0.0366614005578615,-0.000349186072135913,1,-0.00096363973814476,0.000193204577836246
"11","_Martinet_noir_",1608,1,525.714285714286,487.052945200593,0.00138121546961326,3207.90805792787,3488.16231449384,1,201.06933952169,19.8766856655937,38.7263963960591,1,9.07596254433006,6.24874716869094,14.5753025767738,-0.693147337059556,3.87552631319947,2488.99178571429,3047.03,1,247.130393637966,3173.84178571429,4325.26,1,344.020925279301,3917.11714285714,5851.92,1,764.403917377878,0.123684977123468,1,0.0776252262711797,0.0312534065266123,0.000886060097821512,1,9.18952728244032e-05,0.00051283742967824
"12"," Labbe pomarin ",712,1,366.08,228.347161020114,0.0016426922393891,578.520586383875,1625.67556296914,1,170.889413752091,13.9012305926869,20.2357496931073,-5.21187739592286,2.16874777672438,7.6079548621555,22.7134336257456,-5.70451393135847,5.70112863612262,1256.99423143351,2500.69,1,327.296863499193,2029.02680483592,5701.6,1,378.70318480961,2711.55590673575,10151.2,1,592.644103263149,0.219527276474538,1,0.0678813905783472,0.0750142286931504,-0.00070160539050937,1,-0.00304810463591986,0.000494479633374148
"13"," Nilgiri Pipit ",128,1,108,15.6106472541118,0.000941483198146002,2449.30315808636,3087.79909082817,1,381.019895432138,15.0597127331836,29.0954042802345,-4.61373821680075,10.8275336804265,7.1257047444232,11.886468468147,-2.21982371502671,3.38431536342423,1647.38958333333,2585.25,1,229.362788810921,2652.59333333333,3104.14,1,272.846544331467,3336.40041666667,4906.7,1,432.435765528841,0.311821807597134,1,0.158398861022805,0.0951258964081942,9.25681296819221e-06,1,-0.000221094916894158,0.000150914821871047
"14"," Puffin fuligineux ",4552,1,412.571428571429,986.557883321023,0.00400641025641026,327.961935692845,445.401814634774,1,77.5715807127361,9.42545104982876,16.5555014700584,1,2.98152372381028,3.77979134901525,9.64064554973316,-1.64141932315537,3.29243971906356,834.486333333333,1073.75,1,85.8032125225822,1993.49266666667,4312.91,1,1048.05508201829,3860.03466666667,8481.76,1,1478.53648289328,0.311174811025944,1,0.234900708983708,0.0670494227082389,-0.00239449626567051,1,-0.00338376208138083,0.000672609769432611
"15","_Colin_ecaille_",408,1,247.314285714286,121.517796186057,0.000603864734299517,1585.52549346678,2926.21768140117,1,430.200374252776,22.2506183663733,32.3189908551533,-5.49008847413088,6.2516936908535,6.38197718909961,16.9724438285028,-3.26188331422908,3.58396155723775,1503.7332,2840.99,1,303.33869208947,2028.5728,3546.58,1,354.982968488545,2518.51193333333,8370.89,1,741.231868641335,0.199398508572158,1,0.0867291342009103,0.078653056525847,-0.000767144535096307,1,-0.00266102098840549,0.00077856166415842
"16"," Pélican blanc ",1200,1,1000,282.842712474619,0.00181159420289855,532.147179762335,645.583426467607,1,155.382715653591,4.21477147706025,11.0588647516712,-0.890265438825005,5.29297593585403,9.06342686726143,14.1111215510298,1,2.90011686561233,645.752222222222,679.51,1,19.735397625699,1943.92222222222,2062.46,1,69.3564524355481,3304.92444444444,3507.38,1,142.48586176452,0.308757142750281,1,0.268836412361897,0.0233534496643113,-0.00507765926798528,1,-0.00577955912896461,0.000544095115714328
"17"," Cigogne noire ",344,1,189,95.7078889120432,0.002734375,2101.01671206655,2346.46433041302,1,133.868606203601,-9.13210895492315,1,-11.4219974162112,1.41397696876537,24.0848553164512,31.0095842217697,1,3.93213065850549,1574.22588235294,2252.58,1,462.400002346897,2106.31470588235,2327.88,1,114.025693522312,3185.44,6261.74,1,1217.20693264489,0.084794968787896,1,0.0528291525812088,0.0228220508700141,-0.000644590975789129,1,-0.00112991944269049,0.000225292261484094
"18"," Trogon narina ",336,1,216.714285714286,66.3965262743368,0.000897753982763124,505.021120767595,525.474459367907,1,9.37445244692189,-7.41561271286581,1,-9.40447447880091,0.931530357479665,20.3538672735412,22.5176960150661,1,2.02370560853306,502.620108695652,522.82,1,8.29319083789646,3675.79086956522,12060.99,1,1674.00964274643,6005.66347826087,14455.7,1,2683.4268939898,0.104996439729797,1,0.0690910532156193,0.0194901419056681,-0.00166105022786188,1,-0.00250783249553296,0.000379360337267397
"19","_Coulicou_a_bec_noir_",112,1,104.8,7.95543140809402,0.00301608579088472,731.969696969697,745.308590492077,1,13.0322112970991,-3.92186150310655,1,-4.42859860759996,0.389083814680425,21.217454494229,22.9156257444724,1,1.17223794208612,725.513333333333,740.82,1,12.2453006446876,2163.55333333333,2217.42,1,46.6277935713597,2955.86333333333,3083.82,1,90.7040459489826,0.160203628156179,1,0.150867404821934,0.00711088097493069,-0.00281050690937893,1,-0.00316445927075198,0.000234306158531771
"20"," Fou de Bassan ",112,1,91.2,10.1192885125388,0.00646551724137931,543.991258462444,845.76503830044,1,134.220455690721,20.0255732004363,26.6606829229333,1,3.81487728329581,-0.91371794293948,4.12984136446745,-4.12165947021388,1.99564160136321,935.798333333333,1638,1,155.167253208793,1793.258,2542.52,1,233.897359843361,2674.97883333333,10930.66,1,1147.57582280139,0.382825578800483,1,0.223931688880593,0.0574868712827488,-0.0017976345997634,1,-0.00405251469548697,0.00125988566453775
"21"," Cormoran pygmée ",184,1,91.7333333333333,37.0163413077187,0.00142045454545455,772.939155645578,1505.62552126772,1,280.463466876085,18.2369233248191,27.2022960990814,1,3.84206775341541,1.51326328847748,7.55417786193617,-3.9904407516194,3.1964340103683,1236.04261904762,2820.8,1,309.434745081584,2036.19738095238,3502.46,1,376.844555577738,2754.015,5096.01,1,445.298020377858,0.371068723610275,1,0.139866028886677,0.0944237690212635,-0.000689880032323372,1,-0.00247152337153301,0.000592565985425758
"22"," Puffin majeur ",1991.99999999999,1,217.154639175258,242.78108023683,0.00352941176470588,363.416954723106,2307.09080468012,1,162.27905001683,4.97986896718568,12.330297493955,-9.80440456349058,3.94458687699474,8.5054931822105,23.3534097223139,-3.12813217398722,5.52833483174104,785.48403930131,5219.99,1,315.773030055517,1859.18729257642,8483.8,1,718.964434496073,3201.18427947598,11740.18,1,979.929605821505,0.295810862017635,1,0.0504552849644132,0.140343790493644,-0.000596835913153166,1,-0.00186555459373132,0.000256259391545068
"23"," Flamant rose ",928,1,280,219.166907477688,0.000854603463992707,600.973249065903,1185.98497495826,1,266.590261750762,15.2151063484618,21.538917370422,-1.63488771810548,3.90540340253511,0.692554419520773,6.62708465738688,-4.73289437795401,2.17687861893654,979.409226190476,1264.98,1,103.169328659463,1816.42648809524,3091.32,1,426.254823025222,2719.80428571429,4842.99,1,581.174766749274,0.274712378564211,1,0.151543889836104,0.0496498502358925,-0.000724423141634629,1,-0.0014502280013608,0.000294208570881933
"24"," Océanite tempête ",543.999999999998,1,188.952380952381,168.636436214264,0.00290023201856148,650.776107376052,805.728715933873,1,92.3087793942883,14.4787439417269,21.0624333792741,1,2.92309135753778,-0.24929132503527,8.17163150554584,-4.88722743348262,2.83868631186387,1247.88518796992,1821.12,1,171.524796010273,2108.45203007519,4286.29,1,599.003018076526,3045.80127819549,4845.65,1,611.434922094484,0.454050580232076,1,0.256887084889292,0.0600671580304299,-0.000931055776042892,1,-0.00165553130252326,0.00025031149241374
"25","_Ortalide_chacamel_",712,1,539.2,258.896118163251,0.00131926121372032,462.217070028732,885.801360667007,1,161.232385280184,13.8229046837839,21.0464838151477,1,2.65411010238375,1.34926665252357,6.46539762752621,-4.26493895016312,2.44256132492528,1157.4784,1438.06,1,151.446410207488,2014.5,3712.05,1,520.22556604941,3469.0306,9148.39,1,1499.4821839969,0.510447297571918,1,0.372343146932639,0.0713310970478827,-0.00151068256819294,1,-0.00228501743560533,0.000626988564826741
"26"," Pélican frisé ",424,1,240,147.36802004958,0.000801282051282051,1092.9535029191,1225.50875729775,1,73.2718268745913,17.5000369029773,25.5588672796099,1,3.50728469718332,4.66973765887141,7.29881421632522,0.383491290842878,2.33519864562545,1109.75,1158.29,1,67.8107741123362,1409.04625,1560.79,1,111.897603055842,2310.145,2863.35,1,248.88572587205,0.226516294895423,1,0.170099538502541,0.0392398504155276,-0.00221697604073894,1,-0.00280334746586359,0.000408813028671214
"27"," Grey Parrot ",5352,1,1045,1743.70606959512,0.00013838367863356,1511.05888187407,3488.16231449384,1,1003.98476063428,10.9987466653363,21.7258798000975,-6.86644017748816,8.29110442393933,5.42914055809817,21.1306595646987,-5.84749047104674,7.00152007453186,1214.24690265487,3397.39,1,537.8658666219,2179.25318584071,3870.32,1,659.095458368168,3147.98876106195,6053.21,1,819.146244900241,0.420147359761153,1,0.133426920471523,0.144104403787323,-0.000431136183503063,1,-0.00229447161943031,0.000781475295955007
"28","_Dindon_sauvage_",216,1,130.72,34.837840088628,0.00133152173913044,749.031072405299,1465.60884070058,1,196.90209730375,14.9650045967339,25.7748273910968,-3.15077136000748,5.59628952296856,4.47199965258467,15.621770439971,-4.25865805233717,3.66623159095514,1044.30604651163,1655.51,1,216.737994161,1634.27441860465,3388.99,1,244.745860253766,2224.80761627907,4737.64,1,505.571323110394,0.172079067471168,1,0.0709528002891254,0.054762765349705,-0.00115289905675694,1,-0.00354324356992194,0.00069281294403012
"29"," Grand duc d’Europe ",959.999999999985,1,938.666666666665,14.4222051018533,0.000108213396818526,435.366660106893,505.208507089241,1,55.9868943711971,-4.78363037098589,6.72903757073877,-9.8822716965573,2.92529081085183,13.0601113510044,20.4391562299266,1,4.58913264173242,446.609850187266,530.05,1,37.1383995789499,1839.89853932584,13917.44,1,1937.81326199188,3847.75441947566,18115.18,1,3263.22937270976,0.0759816709735295,1,0.0326692054359272,0.0277995666076414,-0.00145465812228751,1,-0.00300044789990945,0.000605035393782756
"30"," Buse variable ",888,1,559.428571428571,355.014564010183,0.000406860290435653,1864.5152784801,2846.18432026689,1,574.649001132382,3.2664927828501,32.5875868265586,-13.3254669629708,10.4079098674997,17.4361098813996,28.7276868145954,-1.67063163785911,6.98996622279734,1218.12409448819,2059.18,1,184.255925564684,2162.56625984252,2996.88,1,380.695822922059,2548.75318897638,11672.7,1,778.834950449939,0.110652561365926,1,0.0348090432269637,0.0392190748277291,-0.000566333008637313,1,-0.00211593583599822,0.000343356066479272
"31"," Plongeon arctique ",880,1,381.333333333333,300.811347303699,0.00504032258064516,1093.28126043125,1866.69125864789,1,299.324375259623,0.22997431211149,20.9497055901727,-13.3924095400991,10.4341007827222,15.9076366190803,25.8585524601838,1,5.73798031381388,1037.60010416667,1680.02,1,113.180061211233,1355.66375,4035.76,1,453.575345538673,2549.061875,5725.66,1,802.395341904557,0.12769387564457,1,0.0447915174065871,0.0530466895732509,-0.000709450531375428,1,-0.00276281177792132,0.000485921879945901
"32"," Garrot a oeil dor ",232,1,140.169014084507,44.0628132934466,0.00287567302985805,NA,1,1,NA,NA,1,1,NA,NA,1,1,NA,NA,1,1,NA,NA,1,1,NA,NA,1,1,NA,NA,1,1,NA,NA,1,1,NA
"33","_Marouette_poussin_",528,1,190.47619047619,114.336179334286,0.00117536436295252,772.698749981456,1616.46424385685,1,467.352371320946,13.730522787455,18.9071116557043,1,3.09159413437283,5.94912134736675,10.260329606961,1,2.8835208139594,1258.27,2843.56,1,458.086533229603,2720.094,4482.85,1,625.434221089215,3941.788,5420.1,1,821.874146778665,0.502113205775177,1,0.307430615097969,0.0749784292410343,0.000526558221196695,1,-8.62795659592792e-05,0.000357349041422752
"34"," Bécasseau minute ",128,1,104.827586206897,21.5440291162682,0.0032430587164315,3011.00712342252,3486.45120934112,1,616.778540246611,22.0687451582345,27.9011431924777,1,2.93755523742722,2.21578888146595,16.4609004657095,-5.76386002372379,4.00415531916986,2612.28803278689,6451.41,1,969.435219654241,3440.34098360656,9451.58,1,962.548594436847,4349.11754098361,10505.97,1,1243.88387483808,0.237339283767801,1,0.0828632886854,0.101414122045044,0.000812540594160811,1,3.13173336023228e-05,0.000512679225740067
"35","_Martinet_des_maisons_",856,1,189.666666666667,233.922816454426,0.00298546209761163,2783.52304084226,3468.14415331055,1,868.359128806625,13.2804829104837,20.3317465383218,1,5.13116737347211,5.47331159204848,12.2485620617346,-2.33785706514281,5.27682668909415,1818.086,3512.63,1,948.809955960623,2515.314,4559.01,1,1144.60381474552,3656.64,5193.29,1,873.546125542321,0.273050381039037,1,0.219271904026175,0.0484412239259876,0.000317254903183947,1,0.00016065499823062,0.000132911055742016
"36"," Aigle de Bonelli ",624,1,245.818181818182,200.098884645476,0.0034435261707989,NA,1,1,NA,NA,1,1,NA,NA,1,1,NA,NA,1,1,NA,NA,1,1,NA,NA,1,1,NA,NA,1,1,NA,NA,1,1,NA
"37"," California Gnatcatcher ",536,1,276.5,212.082373933652,0.00172493100275989,NA,1,1,NA,NA,1,1,NA,NA,1,1,NA,NA,1,1,NA,NA,1,1,NA,NA,1,1,NA,NA,1,1,NA,NA,1,1,NA
"38"," Kea ",3056,1,470.222222222222,643.866525425963,0.00151022304832714,1281.00577850982,2846.18432026689,1,449.682875615056,3.86167244718972,13.5573573640116,-10.4354075031562,5.10294537382082,10.4986587786392,22.5123253754585,-1.42526325967809,4.54414059657187,1181.73110251451,2202.06,1,211.513593520457,2248.18779497099,8728.17,1,457.09710576529,2840.03539651838,12974.3,1,852.022742452277,0.266223067371975,1,0.0763798457736374,0.090781901294428,-0.00036812734477445,1,-0.00137706388271038,0.000237444101769838
"39"," Olive Warbler ",1384,1,212.25,296.623471544259,0.00170105355575066,3108.81816007062,3368.05334739414,1,132.543015666087,8.37281041070357,18.7571945981938,-6.72575540403646,10.1647507395549,9.6292156749855,23.1702865497493,-3.89194505050184,8.36364359092794,1308.2455,3322.3,1,658.432328908878,3170.101,3923.72,1,213.118365280893,3609.996,4652.32,1,570.760123200447,0.216292341148588,1,0.157257281327714,0.0472562275484982,0.000341000323215024,1,-0.000305480006357309,0.000550044477030885
"40"," Yellow headed Blackbird ",1168,1,356,541.976629262431,0.0035377358490566,318.620127140646,405.365492268207,1,102.725224743216,13.6166116015947,16.0402124082496,1,2.26952584278487,5.28407978297974,8.17891910403414,1,3.29033148674869,2983.34666666667,4785.08,1,1857.91151159934,3703.88666666667,4984.92,1,1447.55808879414,4713.91666666667,5571.56,1,898.065945592713,0.363953006120525,1,0.248606191606286,0.179245519979282,0.000300797066526407,1,0.000156884819442674,0.000246433432372959
"41"," White browed Wagtail ",872,1,212.444444444444,206.623904494366,0.0025,2975.69738820178,3328.01702502757,1,241.548791664298,0.178883068949356,15.3479661729814,-10.2990730108314,12.1038274037056,13.9183533658497,20.4047883439024,1,5.21335885748411,2789.962,3575.64,1,718.510919777842,3284.574,4252.54,1,362.353130161418,3775.629,5808.39,1,858.417645107684,0.174209759253187,1,0.110123971928113,0.0459271323790516,1.33088385818586e-05,1,-0.000365005149141972,0.000600979718346672
"42"," Vautour fauve ",280,1,280,NA,NA,1703.20960898441,2227.01815994699,1,629.856737193713,7.86378019410783,12.8101602911688,1,3.96703055743473,8.77925094718695,14.4530412358717,1,2.83342746060742,1138.69555555556,2249.82,1,458.063969962469,2381.79666666667,4487.41,1,794.945073605718,3644.42333333333,6744.7,1,1463.73734617075,0.442855764278035,1,0.317261501217212,0.0675628211662181,0.000188785448679308,1,-9.02085161688502e-05,0.000309157571766525
"43"," Grand Cormoran ",1104,1,266,219.592010698911,0.00268884442221111,NA,1,1,NA,NA,1,1,NA,NA,1,1,NA,NA,1,1,NA,NA,1,1,NA,NA,1,1,NA,NA,1,1,NA,NA,1,1,NA
"44","_Foulque_a_crete_",7792,1,935.2,2412.21616868067,0.00712025316455696,NA,1,1,NA,NA,1,1,NA,NA,1,1,NA,NA,1,1,NA,NA,1,1,NA,NA,1,1,NA,NA,1,1,NA,NA,1,1,NA
"45","_Courlan_brun_",1983.99999999999,1,220.434782608696,252.158998521006,0.00198933193424274,1492.59264398901,1607.18342682726,1,103.574949871045,2.95175698175058,13.2805063749103,-4.74987470947895,3.24606536186464,16.9794496150154,23.7731316446344,0.483889273987108,4.79474161800885,1497.50269565217,1596.16,1,69.0697044604121,2516.81973913043,3190.37,1,645.961726958761,3302.63513043478,4764.49,1,496.4795160301,0.266343966973871,1,0.166686442693851,0.0881941426682828,-0.000219600903742519,1,-0.000590166913462036,0.000126017510807764
"46"," Toco Toucan ",264,1,234.4,17.302536744009,0.00136363636363636,1325.61213725267,1546.40067971536,1,103.986971122875,17.6696248178582,22.7312146603903,1,2.47490006331384,3.9723687220392,9.34221769199124,-0.178769242640238,1.98808716712539,1333.70426470588,1408.05,1,34.4968609134818,1622.51838235294,2883.19,1,190.318754760959,2644.33411764706,4175.03,1,283.0911549214,0.228311082317453,1,0.152026920133234,0.0459248557337606,-0.000650513439152205,1,-0.00127671559885186,0.000263422253632209
"47"," Wrentit ",1568,1,379.428571428571,512.871511017318,0.00181564245810056,1604.79729484716,3446.43452877398,1,687.331147946965,7.51973205527538,11.6176673853937,-1.03523090437497,2.63238745408315,1.79856064875828,12.0411560021608,-3.51458173055777,3.53210400943896,1609.67543478261,3090.56,1,232.502980680598,3110.04565217391,5672.07,1,737.319926185075,4082.12043478261,6510.38,1,714.39643592167,0.562617324084729,1,0.462228085033468,0.0284592203013472,0.000404508475403226,1,4.57244266571364e-05,0.000166618139680964
"48","_Martinet_cafre_",256,1,175,63.0555310817378,0.00197963800904977,2116.91827343893,3307.99886384429,1,908.631748462665,26.0130747941521,33.8725258908709,1,4.31606741248494,1.96153568433189,4.4103858770705,-3.63533408648305,2.87033490233218,1598.62875,2304.02,1,568.914875416035,2312.0775,3156.14,1,599.853146046121,2954.2175,3742.83,1,602.013539827564,0.19062528489111,1,0.0900564431102444,0.0901555470059297,-0.000317643524411767,1,-0.00225215763690165,0.000847650692780787
"49"," White bellied Erpornis ",2352,1,310,436.272157430241,0.00221832439125052,1992.88050834999,2867.59931781205,1,471.604137916946,21.2552739728334,34.0840063445567,1,5.73465896419949,0.97945029123605,8.14188993418693,-5.51702060528106,2.8765765884307,1604.82112149533,2228.33,1,254.867720656604,2389.46177570093,3264,1,299.157247351696,3263.04130841122,5359.47,1,591.658711025397,0.39035731759288,1,0.217587773930641,0.0676898052236062,0.000769870257383195,1,-0.000684601635873222,0.000612357721191114
"50"," Bécasseau variable ",1664,1,250,265.677316238395,0.00176917138445703,610.78161233168,3468.14415331055,1,912.028194635862,5.89119402345608,19.6393468931214,-10.264181654531,5.87159551434299,12.0854836078985,37.9810768541664,-1.20774905964397,4.51642470830007,1465.64800875274,6925.44,1,1011.33369791323,3287.24800875274,16614.77,1,2050.7305303923,5272.75181619256,19016.89,1,3076.49031915385,0.194794502473253,1,0.0292868556888376,0.110001322427581,-0.00040087112396055,1,-0.00193546026121444,0.000392658028554345
"51"," Guillemot marmette ",336,1,309.333333333333,25.3747667551603,0.000521425862722791,2772.84668821118,3368.05334739414,1,365.756622468241,-1.99403429619946,18.8068694754233,-10.817231782981,7.35520729105054,17.2216723407647,34.8667098583229,1,6.37817365053258,1697.34977777778,3234.93,1,613.845401411184,2732.29422222222,3337.72,1,364.854179315511,3314.61988888889,5901.12,1,734.648075545179,0.142204458737829,1,0.0499957976771075,0.0666233275877742,-0.000224503362230152,1,-0.00111630383560431,0.000202072892019616
"52"," Aigrette neigeuse ",480,1,460,28.2842712474619,0.000307881773399015,376.583462409151,1305.54211843203,1,258.441107194307,16.0986332085342,18.6709381479634,1,1.40287819209609,1.2379150761354,3.80592155450112,-2.42863953183409,1.52522797405704,1369.60857142857,1539.3,1,65.3161485366664,2054.30285714286,2584.47,1,413.146487470538,2729.53828571429,5276.79,1,484.775909215586,0.392293277773701,1,0.294821701261245,0.0792001964669998,-0.00134710741522561,1,-0.00263458542903848,0.00045872977224255
"53"," Aigrette garzette ",560,1,446.857142857143,146.528073045667,0.00077720207253886,706.022874655597,1346.21906788252,1,283.758169422334,15.6259083120251,19.1064563124836,1,2.01551666572156,0.995273430189155,4.44224904432077,-3.27386110755377,1.70552131404447,1390.02480769231,1787.58,1,273.938953014359,2104.81817307692,3151.45,1,582.948483270276,3057.64673076923,5953.9,1,778.221671480577,0.427099575464215,1,0.309492847569044,0.0612331501937713,-0.00113614308335979,1,-0.00169687899240858,0.000249133209867605
"54"," American Dipper ",559.999999999998,1,147.272727272727,112.904232651077,0.00204450361354127,704.779988823887,2727.47218952907,1,337.130824276079,12.4968601224281,26.2668614438503,1,3.91789695413157,4.1650367766632,11.7284450227796,-3.21891109347419,4.0457598379091,1023.84214285714,4803.47,1,338.929452105785,2302.40614285714,6927.5,1,960.264011528503,3843.09064285714,13743.85,1,1586.39337951851,0.49300036744919,1,0.338608127978983,0.0689479943583299,2.20567286222611e-05,1,-0.000659677637118192,0.000510388601238226
"55","_Grebe_a_cou_noir_",272,1,150.4,111.197122264922,0.000469924812030075,1512.36980570378,2567.32690006281,1,556.606482590546,8.03135465705855,11.6991219890601,1,2.04747561257119,13.790408583524,18.8111293709244,1,4.19220562849471,1311.724,1403.78,1,48.6254675384549,1819.017,1980.95,1,63.9848230355363,3202.782,3696.87,1,540.803807962432,0.188254042899265,1,0.145784273275715,0.0328808462942197,-0.000161376140540845,1,-0.000222952238746045,6.50479837691966e-05
"56"," Eurasian Jay ",1056,1,330.133333333333,264.254283667799,0.000976825653462678,NA,1,1,NA,NA,1,1,NA,NA,1,1,NA,NA,1,1,NA,NA,1,1,NA,NA,1,1,NA,NA,1,1,NA,NA,1,1,NA
"57"," Phainopepla ",592,1,186.25,125.725507458934,0.000541503633314701,1731.29562653978,3006.25104253545,1,369.630389158444,6.84257940254188,26.3007430629481,-12.328599476966,14.2287343949404,12.5273739655082,30.2092474725158,-4.99333658041499,11.021773887189,1663.57824884793,2820.17,1,332.959665563698,2113.04382488479,5440,1,471.689435689757,3272.95400921659,14630.63,1,1040.46937065952,0.178670598960813,1,0.0448814751666748,0.0923671910193039,-0.00094589194062169,1,-0.00259806141472424,0.000570783516834748
"58"," Cedar Waxwing ",856,1,461.333333333333,364.973058366413,0.00625,NA,1,1,NA,NA,1,1,NA,NA,1,1,NA,NA,1,1,NA,NA,1,1,NA,NA,1,1,NA,NA,1,1,NA,NA,1,1,NA
"59","_Colin_de_Gambel_",600,1,594,4,0.000113912515188335,688.36177583884,765.316930775646,1,48.2702186749824,10.7652477862504,14.9318269539365,1,1.30954046224771,17.4614848070118,24.5273035170659,1,3.2671455503205,1014.87153846154,1408.23,1,269.605924758962,1692.89076923077,2151.52,1,261.797601483012,3025.20320512821,12558.19,1,1418.80629762047,0.240321581321546,1,0.137766938406912,0.0628785406593166,-0.00106607535722263,1,-0.00202991261459761,0.000476307571295932
"60"," Guillemot à miroir ",1248,1,368.301886792453,325.597060142279,0.00121928343650347,NA,1,1,NA,NA,1,1,NA,NA,1,1,NA,NA,1,1,NA,NA,1,1,NA,NA,1,1,NA,NA,1,1,NA,NA,1,1,NA
"61"," Black Caracara ",1040,1,722,220,0.000916870415647922,1220.74809332301,1466.32803498222,1,160.993637190283,19.2219439307848,28.0162945353046,1,4.20389815516799,2.9446550552863,12.2326837510471,-2.66920904798703,2.73572723548652,1320.93928571429,2526.24,1,193.151541083442,2228.24107142857,4373.15,1,273.184714025547,2884.77348214286,6152.95,1,537.103412932054,0.458265255547711,1,0.234004907478251,0.0752130721764848,0.000100222615880879,1,-0.000431939895820882,0.000243943124732662
"62"," Plongeon catmarin ",224,1,165.333333333333,48.4974226119286,0.000338409475465313,1117.57413311721,1346.21906788252,1,186.597677355272,17.6473979389202,23.919292276573,1,4.65137330881729,4.86949670087452,9.09436089264746,-1.00993254400721,1.84288502533856,1131.86875,1246.76,1,65.1421018781001,1405.216875,1551.47,1,68.6475834895272,2333.70625,7576.53,1,1379.52894031716,0.17177009465303,1,0.101298709334332,0.0404617619869145,-0.00120973506495332,1,-0.00272076587114412,0.00070104249029323
"63","_Grebe_jougris_",1040,1,320,395.656416604104,0.00511695906432748,365.016386133152,525.474459367907,1,105.635444275438,9.27810174085375,14.3929128664384,1,2.44017272801057,-0.228892153270134,8.61229240531563,-4.71653278144215,3.68918456014639,1061.7475,2448.24,1,503.548798474548,2255.526875,3633.24,1,487.101102338721,3105.940625,5617.91,1,763.464642538244,0.503684137273767,1,0.390795582053707,0.0521772763986304,-0.000745395764936419,1,-0.0018964965378475,0.00033503660123464
"64"," American Tree Sparrow ",424,1,147.555555555555,99.3104430690152,0.00428194993412385,NA,1,1,NA,NA,1,1,NA,NA,1,1,NA,NA,1,1,NA,NA,1,1,NA,NA,1,1,NA,NA,1,1,NA,NA,1,1,NA
"65"," Huîtrier pie ",144,1,115.428571428571,18.8588743793775,0.000628614533568016,2551.25598192974,2827.56299544549,1,236.498159507102,11.7921747918396,28.1729868877132,1,6.41325160477327,9.03874688070949,23.4300254005724,-0.975490515175162,6.30660682401866,2162.34323943662,2769.21,1,414.68224431235,2545.84577464789,3120.42,1,222.789218761091,4016.45295774648,5549.14,1,953.722119973549,0.179823068321489,1,0.0385647301105751,0.118968652346834,0.000894935837985277,1,7.32171596375403e-05,0.000585961598223422
"66","_Faisan_de_Colchide_",879.999999999999,1,289.00283446712,292.957584787877,0.00108024691358025,691.832281615192,945.855844216856,1,224.072090062977,6.90448214972664,14.1993346111461,-4.44075452945855,4.92548731549872,4.67145351886562,10.9127879558426,-0.0624317385121584,2.75160063370761,882.56275862069,984.65,1,45.4751465792464,1846.59379310345,2121.5,1,131.975582871925,3028.05689655172,3562.38,1,401.1669399577,0.341286456819691,1,0.165441445494047,0.0688840364048886,-0.000705552539698623,1,-0.00157941560173768,0.000270359682848523
"67","_Grebe_esclavon_",520,1,332.631578947368,154.075093713825,0.00108017282765242,882.377201517234,2046.85470929744,1,439.323868456559,10.6965342331082,23.792007670106,-6.5126395016336,4.63649959898634,6.71204735532285,19.5465581317959,-6.25707134161465,6.29846862423498,1033.32377192982,1936.31,1,133.067683455296,1997.61283625731,6073.79,1,337.509623909484,3602.47365497076,18006.03,1,2292.37697004719,0.34083658736934,1,0.155205693181166,0.105480318456189,-0.00102847618021851,1,-0.00276106759516845,0.00044819833107284
"68"," Balbuzard pêcheur ",320,1,243,93.4088721230716,0.00239583333333333,3140.74497485577,3486.45120934112,1,227.648806202888,1.20868371157707,21.5250109245839,-10.5793022611914,9.06408420216074,23.4233021156241,42.9127014918938,-1.72018174676888,7.47509123422922,2208.10065088757,3402.16,1,728.02205850783,3095.08686390533,3542.7,1,277.62124337243,3762.10473372781,6429.8,1,826.33319699215,0.129230414114555,1,0.0650986672736207,0.051391683264033,0.000177780958928171,1,-0.000307421707534062,0.000256885592620193
"69"," Pluvier grand gravelot ",568,1,264,131.098852363051,0.00119565217391304,2390.19592657747,2846.18432026689,1,320.16919843635,-1.57845176942849,22.6411236814801,-12.8694617540653,10.3502568283655,16.9103804315806,31.2820544598116,-2.35571411554035,8.6070914354997,1557.80823529412,2708.92,1,559.941615030951,2437.04109243697,3303.44,1,252.570503960439,2873.86899159664,5264.05,1,542.701715770891,0.191218599436989,1,0.0561151908360749,0.0920751047611192,-0.00049369847341606,1,-0.0014826905742574,0.000308385205320495
"70"," Galah ",136,1,123.636363636364,9.70847801947067,0.00899280575539569,2297.09179998483,3206.33444537114,1,679.164590650948,17.1949335765918,24.8410682377554,-4.49043364777975,5.23389881240595,2.47890241079975,9.31478228536387,-4.00962206902297,2.97228747930116,1522.71090909091,2750.81,1,416.65206566998,2858.68681818182,4124.41,1,480.287749325788,3707.85113636364,5228.61,1,454.167372279058,0.365583300396097,1,0.188065527469255,0.0833975041414458,0.000613759257879574,1,-6.82329621999829e-05,0.000447162288802532
"71"," Bernache cravant ",1680,1,205.12,319.815613544221,0.00354609929078014,245.100083402836,325.133444537114,1,41.7307022697744,9.62899183577164,13.119002009572,1,2.31420299369183,4.67680347683724,11.2876107463816,-3.1729184745266,5.22828237806538,943.222727272727,1712.88,1,299.684473741664,1605.55,2153.12,1,189.915223455098,2352.29727272727,3338.47,1,328.042471277452,0.351276902436868,1,0.280647580244753,0.0485020618693902,-0.00221093131917471,1,-0.00328251569696123,0.000724412507999523
"72","_Taleve_sultane_",600,1,209.230769230769,148.820511406811,0.00689845474613687,1237.84488492475,3428.10783094399,1,750.056737495148,8.19771293557269,14.2235049374392,-3.13181896808496,3.94774396032385,9.993135336484,16.4547638339227,1,3.46434963101569,1489.81275862069,2054.22,1,364.500973572054,2124.13379310345,2905.33,1,240.814064216325,2910.29482758621,4067.07,1,574.890100234202,0.254922252891355,1,0.173812113632757,0.0449747733709235,-2.5267991037325e-05,1,-0.000903021421841092,0.00102274336496649
"73"," Petit",1096,1,218.206896551724,238.307331478603,0.00256786500366838,1339.18565989921,1346.21906788252,1,10.7762019522776,-4.44599338403024,1,-5.48499304174492,0.67070768359018,19.9449638959175,22.6753203254579,1,1.13520871096547,1332.42054054054,1346.43,1,9.56802892331944,2255.48405405405,2693.69,1,506.173630450722,3431.81027027027,4268.31,1,685.349621537498,0.132078299221866,1,0.102631027304307,0.0133908915678742,-0.00159112912929592,1,-0.0018661147199665,0.000124455968417634
"74"," Yellowish Flycatcher ",224,1,220,8,0.000245579567779961,NA,1,1,NA,NA,1,1,NA,NA,1,1,NA,NA,1,1,NA,NA,1,1,NA,NA,1,1,NA,NA,1,1,NA,NA,1,1,NA
"75"," Vanneau huppé ",944,1,856.727272727273,68.0192486125669,0.000315736297044708,1186.07377841626,1206.09193959954,1,20.018161183285,11.2188155398519,12.3476216328889,1,1.03823075905721,16.7942035968447,21.3279679196358,1,4.38448975277797,1175.51,1199.99,1,29.4629326442566,2352.29333333333,2405.31,1,59.5706071257741,3507.93,3593.46,1,114.317939537065,0.187291459857002,1,0.168084866863802,0.0263397717335454,7.94602072465681e-06,1,-3.18860264388349e-05,4.12891816969901e-05
"76","_Tourterelle_triste_",584,1,352,188.093593723976,0.00240384615384615,496.27621231979,685.283569641368,1,36.5196493037928,-4.89558228173926,9.27145585421435,-8.76559778813559,2.48100443877344,15.7136374312328,20.4641204591727,1,3.54223622029734,496.999047619048,673.92,1,46.5080336788431,876.175,1182.42,1,120.556244400095,1282.8675,1481.96,1,79.6783716004765,0.0460211058658033,1,0.00862923798021964,0.0204411883933498,-0.00177826086710168,1,-0.00309633655215156,0.000605197650005746
"77","_Perdrix_choukar_",544,1,124.444444444444,138.161977497949,0.00413424124513619,NA,1,1,NA,NA,1,1,NA,NA,1,1,NA,NA,1,1,NA,NA,1,1,NA,NA,1,1,NA,NA,1,1,NA,NA,1,1,NA
"78"," Lapland Longspur ",11024,1,1813.33333333333,3608.34588142545,0.000363901018922853,2300.41808428569,3388.07150857742,1,566.750460129527,12.3737598554537,19.6356739465364,1,2.753320064026,6.18040078111839,9.7224737126622,1,2.37198859359306,1642.87944444444,1757.37,1,73.5662243050215,2390.19722222222,3674.42,1,414.952178163241,3217.72888888889,3950.51,1,342.397618169438,0.304775082329268,1,0.195639569312811,0.0665043166548344,9.66280212671159e-05,1,-3.81848096720831e-05,0.00011793966766492
"79","_Perdrix_grise_",616,1,496,89.977775033616,0.000218435998252512,1905.34769715504,2385.99249374479,1,252.024553731677,21.9908963493076,26.6273880226167,1,2.3223570769778,1.26839346994392,9.78420148025766,-3.78883981095723,3.1712189472936,1846.52755555556,3633.08,1,382.845112356489,2562.83622222222,4777.58,1,585.490246511762,3422.97733333333,6304.67,1,633.211236994704,0.35504829030083,1,0.256775742043062,0.0488626977510214,3.67047427233263e-05,1,-0.000697186482503138,0.000408563539903341
"80"," Eurasian Bullfinch ",919.999999999996,1,180.675324675324,152.051795326672,0.00311271297509829,NA,1,1,NA,NA,1,1,NA,NA,1,1,NA,NA,1,1,NA,NA,1,1,NA,NA,1,1,NA,NA,1,1,NA,NA,1,1,NA
"81","_Common_Starling_",704,1,266.72,203.400383279795,0.00111383887979633,2367.14528822997,2367.14528822997,1,NA,20.9678499748738,20.9678499748738,1,NA,-1.69555623212128,1,-1.69555623212128,NA,1886.03,1886.03,1,NA,2440.44,2440.44,1,NA,4293.24,4293.24,1,NA,0.460493848154718,1,0.460493848154718,NA,0.00193410117893696,1,0.00193410117893696,NA
"82","_Coucou_geai_",392,1,276,129.137800153833,0.00186965811965812,NA,1,1,NA,NA,1,1,NA,NA,1,1,NA,NA,1,1,NA,NA,1,1,NA,NA,1,1,NA,NA,1,1,NA,NA,1,1,NA
"83","_Pigeon_biset_",520,1,415.304347826087,80.1421661699942,0.00120826010544815,270.817195790401,365.32916990164,1,37.6926072123463,0.484108533038087,8.64648540217834,-4.24572826376735,2.22555576413531,8.80727068588684,16.2443207755389,1,2.46453260279149,364.868173302108,519.03,1,67.8610032417337,1692.09976580796,19240.55,1,2011.0054262911,3956.22606557377,19870.03,1,2976.93335738196,0.045137468373731,1,0.0190177245695434,0.0176678567084437,-0.0014358766038627,1,-0.00309335070842995,0.000574789017531097
"84"," Pluvier petit gravelot ",176,1,154.666666666667,9.87541439757388,0.000291666666666667,2627.52174431073,3386.40950792327,1,471.741088961444,8.64168605770721,21.0252265069231,-12.7382014534032,9.05234963847458,11.8086809063006,28.3568066214611,0.0806375691643472,7.9819613119953,2036.95367346939,2670.99,1,418.475507649959,2629.83040816327,3400.31,1,402.365390135629,3203.02693877551,4049.82,1,257.606791586875,0.123932944194163,1,0.0516123030773295,0.0481941626936618,-0.000423138568134462,1,-0.000862465007648782,0.000199214685899154
"85"," Hibou moyen duc ",696,1,476.952380952382,250.049290379012,0.00028261361067149,509.904778447575,545.49262055119,1,30.2740593802187,10.2078887324606,24.3754144382565,1,5.6108979163955,12.1305212407511,18.3145605521024,1,3.13674748640827,544.402,662.85,1,36.8764829357121,2060.10822222222,2234.39,1,61.599764073271,3032.937,3214.01,1,94.5969909069611,0.291016731065083,1,0.191227030599022,0.0653220911113839,0.00013914297112682,1,-0.000357223951858819,0.000234279513828758
"86"," Eurasian Nuthatch ",2448,1,616.533333333333,629.938530636881,0.0128676470588235,NA,1,1,NA,NA,1,1,NA,NA,1,1,NA,NA,1,1,NA,NA,1,1,NA,NA,1,1,NA,NA,1,1,NA,NA,1,1,NA
"87"," Héron cendré ",424,1,281.333333333333,151.063783438211,0.000603864734299517,1325.5336346598,2126.92735403057,1,491.253568591173,10.0392894111587,21.8259709860812,-4.14938600597755,10.1787866194295,9.48896656307861,17.2784993709878,0.505038615715644,6.7841939639292,1163.61533333333,1545,1,142.522637944527,2008.918,2122.53,1,117.183622039454,2565.38133333333,3283.86,1,486.02539442571,0.294681741067173,1,0.246720807324416,0.0296994976874589,-0.00131338898572508,1,-0.00236920319835329,0.000621929495170691
"88"," Chouette hulotte ",1248,1,818.666666666667,579.121173273205,0.000392464678178964,859.110479089295,885.801360667006,1,22.3809845951845,-3.36267574036634,1,-4.60814942814399,0.846583580687176,23.4881590715374,25.4298799408024,1,2.40549199873947,852.071111111111,871.99,1,24.0682620085271,2067.19888888889,2602.06,1,705.005016834002,3486.56333333333,4330.94,1,813.655499628067,0.141010648064989,1,0.110900535852739,0.0240475834421608,-0.00165736328223658,1,-0.00197292220621984,0.000211211083256687
"89"," Carrion Crow ",384,1,261,125.251746494809,0.00255847953216374,802.775216742897,1826.65493628132,1,215.593317587045,12.1934871753569,19.2297014974587,-3.85087952242305,4.41923483128676,4.54601645524136,16.7525068977233,-3.80699039783966,3.78199982717594,1288.86196721311,6309.94,1,531.192854522038,2073.39327868852,7395.71,1,984.020354001881,3067.13729508197,10883.24,1,1470.87700018429,0.376647451366063,1,0.132999159613881,0.0658896605718242,-0.000865877481094695,1,-0.00224110757683723,0.00044222671840765
"90"," Common Kestrel ",968,1,215.157894736842,220.351668436512,0.002159529498254,2077.08438565784,3486.45120934112,1,412.512730994278,13.8593097825492,23.1464276531421,1,3.67909755904682,7.90756609629904,19.2566491341325,-1.47874330520317,4.00782396489094,1838.2885915493,3447,1,352.082965880347,3146.9358685446,4122.39,1,631.672505779204,3819.08821596244,5846.02,1,376.645507992783,0.247216173985003,1,0.058849134002277,0.0758930270784757,0.000269532017795657,1,-5.3686926622172e-05,0.000191430948882496
"91"," Common Kingfisher ",296,1,139.84,80.8329965628724,0.00232558139534884,NA,1,1,NA,NA,1,1,NA,NA,1,1,NA,NA,1,1,NA,NA,1,1,NA,NA,1,1,NA,NA,1,1,NA,NA,1,1,NA
"92"," Eurasian Magpie ",1328,1,381.333333333334,402.631345029171,0.000311915159076731,1088.95864510817,1546.40067971536,1,187.060121048906,18.6048549359792,24.9588897215879,1,2.43559427516814,-0.80218887770184,3.23878871091826,-4.51121681443028,1.82913339985269,1367.04081081081,1854.66,1,136.716146752661,2006.07878378378,2861.74,1,265.687116293308,2831.15932432432,5726.93,1,582.487124202056,0.511178483853527,1,0.329564583976772,0.0606628867340183,-0.000643205583699364,1,-0.00112558327761978,0.0002205129614148
"93"," Goéland railleur ",152,1,117.714285714286,21.5229666923056,0.000859106529209622,1340.21361952754,1626.47332444849,1,170.708151687988,13.6685226266145,20.4815865133809,-6.09723411237646,7.09104242192118,6.0561205069472,15.4190038012138,0.296240039581764,4.57029888948876,1344.849,1533.97,1,102.406909095658,1691.178,2543.69,1,255.879842866262,2620.8585,3592.38,1,589.416143254671,0.210668156562254,1,0.123221412953196,0.0769013206400583,-0.00117086247750679,1,-0.00226613852676443,0.000615259130558232
"94"," Grue cendrée ",648,1,612.8,45.466471162825,0.000146842878120411,1024.39044030945,1165.48373644704,1,182.348707119967,4.77756533203884,21.9990480961076,-1.32605543049613,6.03321470069694,15.0851965624301,26.4072447453222,-0.371482626104173,7.90858057384226,1094.26574712644,1163.33,1,70.0344620423632,1885.74804597701,3691.13,1,528.73023648553,2964.9724137931,4346.32,1,595.563237215978,0.213651721459568,1,0.0548352453605594,0.133823175647894,-0.000952444269615893,1,-0.0020643913084655,0.000321266467299081
"95"," Canard siffleur ",672,1,381.333333333333,177.135729503301,0.00128336755646817,NA,1,1,NA,NA,1,1,NA,NA,1,1,NA,NA,1,1,NA,NA,1,1,NA,NA,1,1,NA,NA,1,1,NA,NA,1,1,NA
"96"," Blyth's Shrike babbler ",760,1,242.5,243.752333322165,0.00161082474226804,2044.19797802929,3488.16231449384,1,867.192755770213,13.5390075127863,20.7302953665927,0.542085844593893,3.27273154132381,7.89847020896838,26.7957821460318,-4.16504964431068,5.44955777938205,1194.14895061728,3301.19,1,763.463004448155,2530.10086419753,3329.45,1,296.619174240639,3031.62018518519,7347.7,1,590.08102427803,0.150881357252405,1,0.0583149169032015,0.0636982205863423,-0.000381511883912019,1,-0.00142771287703478,0.000300180562309711
"97"," Mouette rieuse ",1752,1,455,411.97928750525,0.00209263392857143,NA,1,1,NA,NA,1,1,NA,NA,1,1,NA,NA,1,1,NA,NA,1,1,NA,NA,1,1,NA,NA,1,1,NA,NA,1,1,NA
"98"," Western Bonelli's Warbler ",736,1,724,16.970562748477,0.000443262411347518,NA,1,1,NA,NA,1,1,NA,NA,1,1,NA,NA,1,1,NA,NA,1,1,NA,NA,1,1,NA,NA,1,1,NA,NA,1,1,NA
"99"," Effraie des clochers ",1392,1,1392,NA,NA,NA,1,1,NA,NA,1,1,NA,NA,1,1,NA,NA,1,1,NA,NA,1,1,NA,NA,1,1,NA,NA,1,1,NA,NA,1,1,NA
"100"," Goldcrest ",1184,1,293.935483870967,300.385300959048,0.00171939477303989,712.703143376262,2987.70828491175,1,574.895290760479,12.8851093204086,18.255161426774,1,3.17833704957909,5.87716529079835,13.5817088272076,-5.86707998695635,4.73829155171656,896.920784313725,2187.57,1,195.304324405202,2579.83039215686,5825.92,1,959.72752483392,4192.28843137255,11896.46,1,1539.48232536314,0.461527563254898,1,0.283387277688692,0.0937197541701039,0.000656129614135887,1,2.14037497401203e-05,0.000551173067262156
"101"," Monk Parakeet ",744,1,391.111111111111,244.014571513898,0.0015552099533437,NA,1,1,NA,NA,1,1,NA,NA,1,1,NA,NA,1,1,NA,NA,1,1,NA,NA,1,1,NA,NA,1,1,NA,NA,1,1,NA
"102"," Long tailed Tit ",312,1,146,87.7460450450767,0.00322252374491181,554.052396605014,2966.23436196831,1,626.259076736432,10.8810773191254,14.8848819861683,1,2.03041355779688,-1.28956930860644,3.71327777987983,-3.99292791445956,2.28387429925044,1841.00588235294,4452.55,1,1055.85515383301,3430.55529411765,5962.31,1,1156.4846022814,4819.75764705882,6788.34,1,1195.39190539928,0.41703404697906,1,0.224982654407916,0.128828126864777,0.000672660727611651,1,4.62648740240039e-05,0.000292464951099829
"103"," European Green Woodpecker ",1552,1,481.6,625.85365701576,0.00423728813559322,1528.96858493189,2025.84236864053,1,260.264119663539,13.5307350924536,27.8233495633076,0.621382366335168,9.76808461286953,7.24034399734645,11.8664324082235,-0.787126571895155,3.24397403372858,1450.24,1668.57,1,81.1836807140802,1988.87333333333,2036.04,1,46.0027067009054,2647.91733333333,2727.71,1,54.0576419160493,0.346861439291428,1,0.297622665081431,0.0283137811287453,-0.000549159905101816,1,-0.00110209440373939,0.000254765351278578
"104","_Tourterelle_turque_",392,1,267.428571428571,90.6358491042983,0.00403877221324717,507.272859658181,645.266889074228,1,37.2788419384387,-3.97792849859271,10.6324163872593,-7.6054288224283,2.34579992817125,15.4653645033811,21.7374419145304,1,4.83780816203372,507.481468253968,626.12,1,36.6921791528256,1923.81912698413,5014.39,1,1076.41491164957,3287.60702380952,11014.25,1,1118.15467810122,0.191032325653629,1,0.10358916604486,0.0614539404360308,-0.00166262811701327,1,-0.0030456098629248,0.000512480403726883
"105"," Rose ringed Parakeet ",248,1,169.6,52.2761896086545,0.00202429149797571,1909.33864551662,2227.01815994699,1,177.341265518435,12.1074638871391,20.0394186008577,1,4.48886373803892,5.84987230006973,14.3372186535355,-4.65288098004507,5.64815487551205,1695.8852173913,2190.3,1,408.000133454407,2935.59434782609,4149.85,1,642.156331715304,4033.53173913043,6157.88,1,746.205222561901,0.405733157187064,1,0.263255803176679,0.109294440200386,9.60008744805866e-05,1,-0.000349887657604189,0.000314603517593349
"106"," Yellow throated Vireo ",1080.00000000001,1,371.826086956522,229.185048729766,0.000577973938629677,NA,1,1,NA,NA,1,1,NA,NA,1,1,NA,NA,1,1,NA,NA,1,1,NA,NA,1,1,NA,NA,1,1,NA,NA,1,1,NA
"107"," Great Spotted Woodpecker ",136,1,109.379310344828,12.6613482641822,0.00159182305630027,2036.13401493582,2546.05921601334,1,249.488042881326,19.2751586378289,30.3274817327181,1,4.23760955734276,-0.347074340383486,9.34447893592414,-5.62747400071916,3.21456314071056,1716.58591954023,2832.18,1,357.829221440591,2511.15735632184,4223.77,1,432.296800368862,3577.33350574713,5139.21,1,610.621372666404,0.418782658023026,1,0.241259893629962,0.0808936433384659,0.000827482542661231,1,2.47752555074119e-05,0.000690253285518136
"108","_Marouette_ponctuee_",240,1,137.04347826087,43.0343185047697,0.00196288365453248,1466.93292204288,2345.97581317765,1,497.498260157676,14.6906130753974,24.7142535876128,1,4.42643669206038,6.41608673524727,12.5120092788464,-2.44927385426344,2.55138246517172,1223.42588235294,2605.31,1,363.272385072037,2048.22529411765,2806.28,1,296.812348817161,2675.95661764706,7461.49,1,855.896161088482,0.157290223226777,1,0.0516660967900861,0.0768079229901197,-0.000751984177763013,1,-0.00251642358991575,0.000611231494621204
"109"," Coal Tit ",2760,1,198.344827586207,361.690405157923,0.00247567755385684,481.296448480661,945.855844216856,1,316.215413967802,10.8752281832514,17.396209500436,-0.977485086835243,3.88933045782434,7.74417362263625,17.2182202012419,0.699085712237475,4.19470439684109,1053.08620689655,1687.27,1,266.736975534404,2779.49034482759,6474.23,1,1388.4900729762,4472.63827586207,7914.7,1,1584.94221389044,0.396244906475814,1,0.26551850524673,0.0794233908284458,0.000146715474664507,1,-0.000763139890695861,0.000362974689652164
"110"," Eurasian Wren ",536,1,97.9340659340659,92.3324671677547,0.00427919360973754,2302.13400873277,2906.2093411176,1,644.459530267337,13.8028467972701,20.7676008005652,1,3.65938083268488,3.45488038708628,13.2869020640939,-2.93916243163592,3.67394247763353,1442.33058823529,4040.43,1,948.407241335612,3085.65411764706,5197.4,1,851.052190580356,4088.12588235294,6500.68,1,971.241433764705,0.370470811423212,1,0.283593021171349,0.0690750341494122,0.00131388249399485,1,0.000202554858646495,0.000703868438448694
"111"," Eurasian Skylark ",1336,1,148.3125,136.976217833493,0.00358838155515371,3219.14632385533,3488.16231449384,1,170.449237094315,23.3828791713672,31.471499121196,-11.9831704503684,6.55927972527251,4.98849961392877,20.6190855262214,-4.0674095755281,4.72996868102136,1711.84,3311.16,1,569.604714830507,3110.50824561404,4005.49,1,333.452816029938,3588.52842105263,4567.41,1,295.380227997923,0.120165908798015,1,0.0698565919585933,0.0414307664825749,0.000357173356159619,1,-6.07432396175302e-05,0.000299086258514049
"112"," Eurasian Blue Tit ",816,1,177.631067961164,168.772674020135,0.00205877603746165,1103.04699600858,3486.45120934112,1,1091.97882502774,12.5983840882684,22.3554679592236,1,3.42554630259424,7.7230330322698,19.761078683421,-6.36310877001883,4.60171068397122,1151.31357142857,4954.31,1,862.004984231172,2417.17830357143,6225.8,1,1276.45636349964,3803.03008928571,9964.79,1,1360.87306594329,0.386800293370915,1,0.14279325344628,0.106021133618921,0.000296100054337963,1,-1.30753860726445e-05,0.000304682988321316
"113"," Brown Creeper ",1288,1,443.555555555556,416.092498514767,0.000642770719903206,3342.31571158706,3488.16231449384,1,89.3105317878626,9.86061860086678,18.5875941430416,1,6.00038550765588,21.2132832072253,25.9424432850892,1,2.96345254687263,1194.88571428571,1937.7,1,333.327447257555,2495.00857142857,3453.34,1,787.39503563816,3361.94857142857,3528.63,1,106.944781613156,0.0562858695084089,1,0.0308577374951367,0.0206974951585637,0.000620711517334808,1,-2.64167326268368e-05,0.000565178583840605
"114"," Eurasian Golden Oriole ",1176,1,384.258064516129,305.578246143486,0.000797702616464582,1726.45753620597,2326.45181476846,1,277.207981285078,6.70320103563625,27.7201133094095,-9.0091580469249,11.2460748884965,13.3885004313095,26.8244781269425,-5.08295113672939,7.96683166580812,1456.36147619048,2312.35,1,266.435640526538,1969.15947619048,4620.73,1,335.559523547261,2929.34685714286,7973.12,1,982.568554638909,0.230881292255123,1,0.0931599768605022,0.0914452390948332,-0.00046751338234818,1,-0.00112404742806033,0.000250225580777939
"115","_Coucou_gris_",712.000000000002,1,156.190476190476,144.124813633052,0.00448833034111311,847.894629915683,2987.70828491175,1,429.828092554476,-0.306627239868552,14.2025287016601,-6.32001154274928,4.96867021114465,12.4687502003257,20.8507732994507,-1.07826320127192,5.66518490649498,853.795531914894,2350.09,1,435.816531366366,2242.56170212766,4294.9,1,1084.65918571992,3537.44957446809,5893.98,1,1075.70772968909,0.30051892774448,1,0.148936959821549,0.083069859792907,-0.000759610204297775,1,-0.0024186628795894,0.000850849021379788
"116"," Prothonotary Warbler ",152,1,133.333333333333,26.1278905896873,0.0130208333333333,158.47483767438,185.165719252091,1,23.1149814957001,15.7813066546716,16.9362736538561,1,1.04700885120924,2.61898861735886,3.75125275716985,1,1.14638793023878,1746.86666666667,1772.04,1,30.929534967945,3555.74333333333,4450,1,829.086412524855,4629.16333333333,5115.14,1,645.793097387494,0.35106481633103,1,0.259351534261722,0.134887849496407,0.00179002885222084,1,0.00057563623263005,0.00113469677382044
"117"," Northern Cardinal ",1608,1,376.363636363637,424.495503981413,0.00141585760517799,2271.89220459951,3187.88989674459,1,349.438671404792,15.6144563727,29.4567372911124,-8.98625163374593,7.54861426799797,7.40591067873458,20.7881780726508,-2.87128399764323,4.6957150750543,1790.88593333333,2719.1,1,252.219078657673,2324.26126666667,4977.11,1,399.709852414791,3043.9149,5258.78,1,612.583697837701,0.183903987698822,1,0.047337742017658,0.0843801446614896,5.77198957457723e-05,1,-0.00138855756318258,0.000755043256859941
"118"," Échasse blanche ",1864.00000000001,1,175.366336633663,231.803180425648,0.00200449005772931,689.117767008482,1105.45871559633,1,395.202348691847,9.21822887082209,15.48121858533,-1.68700167157403,2.24217095756249,11.4989180060111,22.1364466997595,-0.299557423191529,5.4507023929593,1058.02837004405,4302.39,1,306.794193612032,2139.15995594714,9384.79,1,529.353463902498,3165.00907488987,14339.69,1,987.667999617141,0.280565591338373,1,0.1592806679007,0.0816238790774999,-0.000894007357873225,1,-0.00148207466990772,0.00020330049688052
"119","_Foulque_macroule_",144,1,115.692307692308,18.6520088970983,0.00185185185185185,788.18360538544,985.408673894912,1,211.708978768288,6.70976393942766,18.0901807692549,-0.470544863747781,5.03070350112066,12.5040213912293,18.6388794339655,0.448175822510338,4.28496305663702,944.074285714286,1777.64,1,176.60474475742,1885.33755102041,4293.03,1,381.448229255571,2790.50734693878,5143.64,1,382.009363027572,0.292825594016217,1,0.144965292555641,0.0875672510245152,-0.000391271522482537,1,-0.000706625403641672,0.000123860795241074
"120"," Great Spotted Woodpecker ",448,1,80.768,50.4065945506492,0.00941676792223572,2318.29760911871,2746.14261884904,1,260.879224409005,18.3071041701935,38.380619474205,1,7.32507343706444,2.84142632561932,12.8223356149285,-5.00272807199413,4.44002654687987,2092.27233333333,2306.53,1,99.284809741021,2501.39916666667,2727.02,1,107.57303662056,4130.392,5214.17,1,439.745503490371,0.202400079243473,1,0.108955217680351,0.0391356637815589,0.00140017338475458,1,0.000679302400965037,0.000490447498487447
"121"," Avocette élégante ",152,1,99.2941176470588,14.4385105961555,0.00338983050847458,NA,1,1,NA,NA,1,1,NA,NA,1,1,NA,NA,1,1,NA,NA,1,1,NA,NA,1,1,NA,NA,1,1,NA,NA,1,1,NA
"122"," Red backed Shrike ",840,1,174.608695652174,169.545311489942,0.00190575190575191,260.295229091806,485.43813700134,1,58.9879551237697,6.37572502163105,14.9588639194059,0.734690892193735,2.08598475826534,1.67707879957511,11.9181261495108,-3.63117503545603,1.81596356731959,856.857975460123,10718.32,1,964.324133684011,3141.19782208589,13900.52,1,2540.077518903,5690.47378834356,14842.8,1,3151.16719571346,0.428229867081486,1,0.301346975252937,0.0383633588434251,-0.000917840265449574,1,-0.0021653800010296,0.000221523593043649
"123"," Common House Martin ",847.999999999996,1,226.4,171.084744333297,0.00230061349693252,2841.182235196,3446.43452877398,1,424.81137496369,24.7682764450874,27.5937419105787,1,1.50275464111522,-2.42808743362269,1,-4.63821943540345,1.7238346526945,2002.32875,2707.27,1,722.792608556513,3212.89125,3585.55,1,221.411703938774,4081.79875,4682.65,1,373.211693372063,0.227570398215257,1,0.187680519440792,0.034560843741138,0.00143859155901597,1,0.00093917986830285,0.000437276988083606
"124"," Eurasian Penduline Tit ",688,1,629.333333333333,81.7149517122377,0.000868055555555556,NA,1,1,NA,NA,1,1,NA,NA,1,1,NA,NA,1,1,NA,NA,1,1,NA,NA,1,1,NA,NA,1,1,NA,NA,1,1,NA
"125"," Yellow breasted Chat ",1088,1,164.444444444444,236.240710299081,0.00118715083798883,NA,1,1,NA,NA,1,1,NA,NA,1,1,NA,NA,1,1,NA,NA,1,1,NA,NA,1,1,NA,NA,1,1,NA,NA,1,1,NA
"126"," Northern Mockingbird ",416,1,178.755555555555,83.6313890740308,0.0018225753604194,2490.67841447944,3428.10783094399,1,406.1496099229,5.93922808547454,25.1704529537779,-15.2766613742871,12.2678266356383,12.523139923901,28.4123505587725,-3.32742345406528,5.87171346468919,1472.53992481203,3322.23,1,484.76918689797,2492.78562030075,3969.94,1,389.746918525331,3202.64618421053,10445.55,1,927.617689873577,0.1961883440152,1,0.0580376401020732,0.0763885791156763,-0.000157307132868459,1,-0.000784782593073433,0.000217929601248874
"127"," Barn Swallow ",344.000000000001,1,107.333333333333,69.2642030529579,0.00514514731369151,2411.52694705906,3466.44286905755,1,570.156187699972,24.0407958931418,34.2003448587093,-9.34426989198236,4.92822641717191,1.26144222587898,16.8042160255349,-6.67082141923311,3.68911416206444,1805.45233333333,3951.28,1,503.184861306936,2721.54988095238,4961.44,1,480.115427863239,3514.19778571429,5776.49,1,548.020425522693,0.25968913419707,1,0.0623951222410999,0.0748130542700842,0.000535944483842521,1,-0.000254358978695824,0.000595868594664348
"128"," House Sparrow ",472,1,148.769230769231,77.8093737446454,0.00298315395414132,2403.722304174,3486.45120934112,1,513.544029196295,26.7539568480178,35.2488250873067,1,4.76899760851042,0.599777588185894,11.4177492070504,-6.55775768196709,4.13194928071081,2063.61818505338,3653.66,1,438.162489956533,2758.97135231317,5046.26,1,443.229973647534,3380.91914590747,5491.72,1,460.071430219556,0.267012160785339,1,0.0748647043012069,0.0903093946467133,0.000540246879431223,1,-0.000222019554288138,0.000470373438597212
"129"," Brown Thrasher ",1416,1,174.056074766355,204.672487195118,0.00358495670995671,NA,1,1,NA,NA,1,1,NA,NA,1,1,NA,NA,1,1,NA,NA,1,1,NA,NA,1,1,NA,NA,1,1,NA,NA,1,1,NA
"130"," European Stonechat ",912,1,258,230.504306454603,0.00128114951768489,2557.37545308259,3487.17772215269,1,770.271210920089,14.6749721983085,24.4686968912504,-4.63570943311674,4.08994835822829,4.17283001609672,32.7173022397864,-5.80630020290378,5.66268907113464,1255.12681818182,3453.14,1,236.261779233145,2515.01506493506,4798.5,1,706.376932065714,3612.6675974026,6129.21,1,644.547687182539,0.327166578546246,1,0.13867898273992,0.0918091153174281,0.00034854476563757,1,-6.65334284596101e-05,0.000302322448277871
